"Horodateur","Retourner au travail ou à l'école est-il une source de stress ?","Dans quelle catégorie socio-professionnelle vous situez-vous ?","Quel est votre niveau d’étude ?","Quel est votre sexe ?","Dans quelle tranche d'age vous situez vous?","Statut marital","Combien de personne compose votre foyer ?","Où habitez-vous ?","Vous vivez ...","Quel est votre mode de déplacement professionnel? ","Suite au confinement, pensez vous changer votre mode de déplacement?","Appréciez-vous le télétravail ?","Pensez-vous être plus productif en télétravail ?","Pourquoi ?","Veuillez répondre « Un peu » à cette question.","Selon vous combien de temps les mesures de gestes barrières devraient être appliquées ?","Qu'est ce qui, selon vous, pourrait améliorer le télétravail ?","Selon vous, après cet épisode de crise, quelle(s) mesure(s) devraient être prise(s) lors de votre retour sur votre lieu de travail ? "
"2020/06/14 2:12:40 PM UTC+2","1","Etudiant, lycéen","Bac+3/4 (Licence, Maîtrise)","Masculin","18 - 25 ans","En couple","1","En milieu urbain","En appartement","En transport en commun","2","2","3","L'isolement est source de manque de motivation. ","Un peu","Jusqu'à l'arrivée d'un vaccin","Que les entreprises nous dotent d'un budget pour travailler dans de bonnes conditions. (bureau, chaise)",""
"2020/06/14 2:19:30 PM UTC+2","2","Etudiant, lycéen","Bac+5 (Master, écoles d'ingé, écoles d'arts...)","Masculin","18 - 25 ans","Célibataire","1","En milieu périurbain","En maison","En voiture / moto / scooter","1","5","1","Distractions","Un peu","Jusqu'à l'arrivée d'un vaccin","","Sanitaires "
"2020/06/14 2:20:46 PM UTC+2","7","Demandeur d’emploi","Bac (général, pro et technologique)","Masculin","26 - 35 ans","Célibataire","1","En milieu périurbain","bateau","bateau","7","4","4","","Un peu","Au moins 3 mois","",""
"2020/06/14 2:31:38 PM UTC+2","6","Employé","Bac+3/4 (Licence, Maîtrise)","Féminin","26 - 35 ans","En couple","2","En milieu urbain","En appartement","En transport en commun","5","7","7","Environnement agréable, pas de distractions","Tout le temps","Au moins 1 an","","Sécurité, sous plusieurs aspects"
"2020/06/14 2:38:49 PM UTC+2","1","Etudiant, lycéen","Bac+5 (Master, écoles d'ingé, écoles d'arts...)","Masculin","18 - 25 ans","En couple","2","En milieu urbain","Appartemebt avec jardin","Voiture et tram","1","4","1","Parsque je suis moins productif ","Un peu","Jusqu'à l'arrivée d'un vaccin","La fin du teletravail ","Plus de sortie entre collègue "
"2020/06/14 3:24:51 PM UTC+2","7","Demandeur d’emploi","Bac+3/4 (Licence, Maîtrise)","Masculin","26 - 35 ans","En couple","2","En milieu urbain","En appartement","En transport en commun","5","4","4","","Un peu","Au moins 1 an","",""
"2020/06/14 3:27:37 PM UTC+2","4","Etudiant, lycéen","Brevet des collèges","Féminin","Moins de 18 ans","Célibataire","5 ou plus","En milieu périurbain","En maison avec jardin","En transport en commun","2","2","2","","Un peu","Au moins 6 mois","",""
"2020/06/14 3:33:23 PM UTC+2","5","Employé","Bac+3/4 (Licence, Maîtrise)","Masculin","51 - 62 ans","En couple","1","En milieu rural","En maison avec jardin","En voiture / moto / scooter","1","6","4","la télévente est un petit cousin du télétravail .","Un peu","Jusqu'à l'arrivée d'un vaccin","la mise à disposition de matériels .","l'application des gestes barrières et le port du masque ."
"2020/06/14 4:43:16 PM UTC+2","3","Etudiant, lycéen","Brevet des collèges","Masculin","18 - 25 ans","En couple","5 ou plus","En milieu rural","En maison avec jardin","En voiture / moto / scooter","1","4","1","Moins bonne organisation (et implication).","Un peu","Au moins 3 mois","","Étant lycéen je suis déjà retourné en cour, et les mesures sont simplement le respect des gestes barrières."
"2020/06/14 5:07:33 PM UTC+2","1","Etudiant, lycéen","Bac+3/4 (Licence, Maîtrise)","Féminin","18 - 25 ans","En couple","2","En milieu urbain","En appartement","Train","1","4","3","Sources perturbatrices genre la télé ","Un peu","Au moins 3 mois","Je ne sais pas",""
"2020/06/14 5:14:53 PM UTC+2","3","Etudiant, lycéen","Bac+3/4 (Licence, Maîtrise)","Féminin","18 - 25 ans","En couple","1","En milieu urbain","En appartement","En transport en commun","4","5","6","","Un peu","Jusqu'à l'arrivée d'un vaccin","",""
"2020/06/14 5:42:25 PM UTC+2","2","Employé","Bac+3/4 (Licence, Maîtrise)","Féminin","18 - 25 ans","En couple","2","En milieu urbain","En appartement","En transport en commun","6","4","4","Télétravail incompatible avec mon travail. ","Un peu","Jusqu'à l'arrivée d'un vaccin","","Garder les mesures qui était appliquées pendant le confinement. En effet, nous avons travaillé au labo pendant tout le confinement avec des mesures spéciales. "
"2020/06/14 6:09:16 PM UTC+2","7","Cadre ou profession intellectuelle supérieure","Bac+5 (Master, écoles d'ingé, écoles d'arts...)","Masculin","18 - 25 ans","En couple","2","En milieu urbain","En appartement","À pied","1","5","2","Source de distraction ","Un peu","Au moins 6 mois","Avoir une pièce dédié au télétravail ","Gestion des flux de personnes, des gestes barrière etc.. "
"2020/06/14 6:22:11 PM UTC+2","6","Etudiant, lycéen","Bac+5 (Master, écoles d'ingé, écoles d'arts...)","Masculin","18 - 25 ans","En couple","2","En milieu urbain","En appartement","En voiture / moto / scooter","7","5","2","","Un peu","Jusqu'à l'arrivée d'un vaccin","",""
"2020/06/14 6:41:05 PM UTC+2","2","Cadre ou profession intellectuelle supérieure","Bac+5 (Master, écoles d'ingé, écoles d'arts...)","Masculin","26 - 35 ans","En couple","2","En milieu urbain","En appartement","À vélo","1","7","4","","Un peu","Au moins 3 mois","",""
"2020/06/14 6:41:43 PM UTC+2","1","Employé","Bac+2 (BTS ou autre)","Féminin","18 - 25 ans","En couple","2","En milieu urbain","En appartement","En voiture / moto / scooter","1","1","4","","Un peu","Au moins 1 an","Mise à disposition du matériel informatique nécessaire",""
"2020/06/14 6:44:21 PM UTC+2","6","Cadre ou profession intellectuelle supérieure","Bac+5 (Master, écoles d'ingé, écoles d'arts...)","Masculin","26 - 35 ans","En couple","2","En milieu périurbain","En appartement","En voiture / moto / scooter","1","7","7","Moins de distractions","Un peu","Au moins 1 an","","Pérennisation du télétravail "
"2020/06/14 7:09:02 PM UTC+2","1","Employé","Bac+5 (Master, écoles d'ingé, écoles d'arts...)","Masculin","26 - 35 ans","Célibataire","1","En milieu urbain","En appartement","À pied","1","4","4","","Un peu","Jusqu'à l'arrivée d'un vaccin","",""
"2020/06/14 7:26:37 PM UTC+2","1","Cadre ou profession intellectuelle supérieure","Bac+5 (Master, écoles d'ingé, écoles d'arts...)","Masculin","26 - 35 ans","Célibataire","1","En milieu urbain","En appartement","En voiture / moto / scooter","5","2","1","Trop de distraction","Un peu","Au moins 6 mois","",""
"2020/06/14 8:41:25 PM UTC+2","4","Employé","Bac+3/4 (Licence, Maîtrise)","Féminin","18 - 25 ans","En couple","2","En milieu rural","En maison avec jardin","En voiture / moto / scooter","1","5","5","Moins d'éléments parasites, collègues qui entrent de manière inopinée. ","Un peu","Jusqu'à l'arrivée d'un vaccin","Le matériel de bureau ","Accepter le retour au bureau soit progressif et qu'un temps d'adaptation soit nécessaire pour retrouver un rythme de bureau. Intégrer le télétravail pour les salariés peut-être à raison d'une fois par semaine ou plus selon les professions. "
"2020/06/15 7:49:57 AM UTC+2","3","Profession intermédiaire","Bac+5 (Master, écoles d'ingé, écoles d'arts...)","Féminin","18 - 25 ans","En couple","3","En milieu rural","En maison avec jardin","En voiture / moto / scooter","1","2","2","L’enseignement se fait en face...","Un peu","0 c'est inutile","",""
"2020/06/15 9:41:24 AM UTC+2","5","Cadre ou profession intellectuelle supérieure","Bac+5 (Master, écoles d'ingé, écoles d'arts...)","Masculin","18 - 25 ans","Célibataire","1","En milieu urbain","En appartement","À vélo","1","7","4","","Un peu","Jusqu'à l'arrivée d'un vaccin","",""
"2020/06/15 9:41:56 AM UTC+2","2","Cadre ou profession intellectuelle supérieure","Bac+5 (Master, écoles d'ingé, écoles d'arts...)","Masculin","18 - 25 ans","Célibataire","2","En milieu urbain","En appartement","À vélo","1","4","5","","Un peu","Au moins 3 mois","","Garder les réflexes d'hygiène"
"2020/06/15 9:42:34 AM UTC+2","1","Cadre ou profession intellectuelle supérieure","Bac+5 (Master, écoles d'ingé, écoles d'arts...)","Féminin","18 - 25 ans","Célibataire","1","En milieu urbain","En appartement","En voiture / moto / scooter","5","2","4","","Un peu","Jusqu'à l'arrivée d'un vaccin","Avoir une pièce a part où travailler","Plus de bise le matin"
"2020/06/15 9:42:46 AM UTC+2","5","Cadre ou profession intellectuelle supérieure","Bac+5 (Master, écoles d'ingé, écoles d'arts...)","Masculin","26 - 35 ans","En couple","2","En milieu urbain","En maison","En transport en commun","6","7","6","Au calme - moins de sollicitations externes","Un peu","Jusqu'à l'arrivée d'un vaccin","rien de particulier","Arrêter de se serrer la main / faire la bise qui sont des facteurs inutiles qui véhicule tout virus"
"2020/06/15 9:43:38 AM UTC+2","2","Cadre ou profession intellectuelle supérieure","Bac+5 (Master, écoles d'ingé, écoles d'arts...)","Féminin","36 - 50 ans","En couple","4","En milieu rural","En maison avec jardin","En voiture / moto / scooter","1","5","4","Tout dépend si les enfants sont à la maison , ou à l'école ;)","Un peu","Au moins 6 mois","le retour à l'école","Il faut que l'entreprise ait un stock de masques, gel, lingettes car on a aura surement d'autres épisodes de virus. 
Nettoyage plus régulièrement des lieux communs pour qu'on accède notamment à la cafétaria"
"2020/06/15 9:43:40 AM UTC+2","2","Employé","Bac+5 (Master, écoles d'ingé, écoles d'arts...)","Féminin","26 - 35 ans","En couple","2","En milieu urbain","En appartement","À vélo","1","6","6","Moins de pause, de diversions, environnement plus calme, possibilité de faire une sieste ;)","Un peu","Jusqu'à l'arrivée d'un vaccin","Pauses café en visio avec les collègues, ca permet de garder le contact. Mise à disposition d'un matériel approprié pour chaque employé (2e écran, clavier, souris, support ordinateur, voire même une chaise confortable)","Limiter le nombre d'employés présent sur site. Port du masque."
"2020/06/15 9:44:38 AM UTC+2","3","Etudiant, lycéen","Bac+3/4 (Licence, Maîtrise)","Masculin","18 - 25 ans","Célibataire","3","En milieu périurbain","En maison avec jardin","En transport en commun","2","7","5","","Un peu","Au moins 3 mois","",""
"2020/06/15 9:48:30 AM UTC+2","5","Cadre ou profession intellectuelle supérieure","Bac+5 (Master, écoles d'ingé, écoles d'arts...)","Masculin","26 - 35 ans","En couple","4","En milieu périurbain","En maison avec jardin","En voiture / moto / scooter","3","7","5","Moins de perte de temps. Sollicitations plus pertinentes.","Un peu","Jusqu'à l'arrivée d'un vaccin","",""
"2020/06/15 9:48:45 AM UTC+2","5","Cadre ou profession intellectuelle supérieure","Bac+2 (BTS ou autre)","Masculin","26 - 35 ans","En couple","5 ou plus","En milieu urbain","En maison avec jardin","En voiture / moto / scooter","2","7","6","","Un peu","Jusqu'à l'arrivée d'un vaccin","",""
"2020/06/15 9:50:53 AM UTC+2","4","Cadre ou profession intellectuelle supérieure","Bac+5 (Master, écoles d'ingé, écoles d'arts...)","Masculin","26 - 35 ans","Célibataire","1","En milieu urbain","En appartement","En transport en commun","1","6","4","","Un peu","Jusqu'à l'arrivée d'un vaccin","Un bureau adapté","Encourager le télétravail à plus grande échelle"
"2020/06/15 9:54:57 AM UTC+2","4","Employé","Bac+2 (BTS ou autre)","Masculin","51 - 62 ans","En couple","3","En milieu rural","En maison avec jardin","En voiture / moto / scooter","6","6","5","moins déranger","Un peu","Au moins 6 mois","",""
"2020/06/15 9:56:07 AM UTC+2","1","Etudiant, lycéen","Bac+3/4 (Licence, Maîtrise)","Masculin","18 - 25 ans","Célibataire","5 ou plus","En milieu périurbain","En maison avec jardin","En transport en commun","1","5","3","","Un peu","0 c'est inutile","",""
"2020/06/15 9:59:04 AM UTC+2","5","Autres","Bac (général, pro et technologique)","Féminin","26 - 35 ans","En couple","2","En milieu urbain","En maison avec jardin","En voiture / moto / scooter","1","4","6","Moins de pertubations","Un peu","Au moins 3 mois","",""
"2020/06/15 10:00:08 AM UTC+2","2","Cadre ou profession intellectuelle supérieure","Bac+5 (Master, écoles d'ingé, écoles d'arts...)","Masculin","26 - 35 ans","En couple","2","En milieu périurbain","En appartement","En transport en commun","1","7","7","Plus performant en terme de réalisation objectif /temps fourni. Plus concentré, plus performant. ","Jamais","Jusqu'à l'arrivée d'un vaccin","Une chaise gaming, un cable ethernet plus long.","gestes barrières / pouvoir télé-travailler plus fréquemment"
"2020/06/15 10:09:05 AM UTC+2","1","Cadre ou profession intellectuelle supérieure","Bac+5 (Master, écoles d'ingé, écoles d'arts...)","Masculin","26 - 35 ans","En couple","2","En milieu urbain","En maison","À vélo","1","3","3","","Un peu","Au moins 3 mois","",""
"2020/06/15 10:09:45 AM UTC+2","4","Cadre ou profession intellectuelle supérieure","Bac+5 (Master, écoles d'ingé, écoles d'arts...)","Féminin","18 - 25 ans","Célibataire","1","En milieu urbain","En appartement","En transport en commun","5","4","4","","Un peu","Au moins 6 mois","Du meilleur matériel professionnel ","Plus de liberté pour télétravailler quelques jours par mois "
"2020/06/15 10:11:01 AM UTC+2","2","Cadre ou profession intellectuelle supérieure","Bac+5 (Master, écoles d'ingé, écoles d'arts...)","Féminin","18 - 25 ans","Célibataire","2","En milieu urbain","En appartement","En voiture / moto / scooter","1","5","5","","Un peu","Au moins 3 mois","",""
"2020/06/15 10:11:44 AM UTC+2","1","Employé","Bac+3/4 (Licence, Maîtrise)","Masculin","26 - 35 ans","Célibataire","1","En milieu urbain","En appartement","À pied","1","7","5","Moins de distraction de la part des collègues","Jamais","Jusqu'à l'arrivée d'un vaccin","Un bon fauteuil","Plus de bises, et plus de serrages de paluches, terminé, bonsoir"
"2020/06/15 10:12:07 AM UTC+2","3","Cadre ou profession intellectuelle supérieure","Bac+5 (Master, écoles d'ingé, écoles d'arts...)","Féminin","18 - 25 ans","En couple","2","En milieu rural","En maison avec jardin","En voiture / moto / scooter","1","7","6","En télétravail, il y plus de calme, moins de fatigue due au temps de trajet.","Un peu","Jusqu'à l'arrivée d'un vaccin","",""
"2020/06/15 10:26:08 AM UTC+2","3","Profession intermédiaire","Bac+5 (Master, écoles d'ingé, écoles d'arts...)","Masculin","36 - 50 ans","En couple","2","En milieu périurbain","En maison avec jardin","À vélo","1","7","5","Autonomie, pas de déplacement","Un peu","Au moins 6 mois","",""
"2020/06/15 10:27:50 AM UTC+2","5","Cadre ou profession intellectuelle supérieure","Bac+3/4 (Licence, Maîtrise)","Féminin","36 - 50 ans","En couple","3","En milieu rural","En maison avec jardin","En voiture / moto / scooter","1","6","7","Pas de solicitations en direct","Un peu","Au moins 6 mois","La possibilité d'avoir des lieux pour se retrouver ponctuellement pour faire des réunions, à 2, à 4 ou plus.","Le maintien d'un protocole sanitaire mais moins contraignant "
"2020/06/15 10:30:29 AM UTC+2","2","Employé","Bac+2 (BTS ou autre)","Masculin","36 - 50 ans","En couple","5 ou plus","En milieu rural","En maison avec jardin","En voiture / moto / scooter","2","5","4","","Un peu","Au moins 3 mois","",""
"2020/06/15 10:31:04 AM UTC+2","4","Employé","Bac (général, pro et technologique)","Féminin","18 - 25 ans","En couple","3","En milieu rural","En maison avec jardin","En voiture / moto / scooter","1","5","3","","Un peu","Au moins 3 mois","Les horaires libres ","Gel hydro a disposition "
"2020/06/15 10:31:27 AM UTC+2","6","Cadre ou profession intellectuelle supérieure","Bac+5 (Master, écoles d'ingé, écoles d'arts...)","Masculin","26 - 35 ans","Célibataire","1","En milieu urbain","En appartement","En transport en commun","5","5","3","","Un peu","Jusqu'à l'arrivée d'un vaccin","",""
"2020/06/15 10:31:54 AM UTC+2","7","Employé","Bac+2 (BTS ou autre)","Masculin","36 - 50 ans","En couple","4","En milieu périurbain","En maison avec jardin","En voiture / moto / scooter","6","6","6","","Un peu","Jusqu'à l'arrivée d'un vaccin","",""
"2020/06/15 10:33:00 AM UTC+2","1","Cadre ou profession intellectuelle supérieure","Bac+5 (Master, écoles d'ingé, écoles d'arts...)","Masculin","26 - 35 ans","En couple","2","En milieu urbain","En appartement","En voiture / moto / scooter","1","2","2","Mon travail d'ingénieur est plus orienté terrain (75% du temps), en télétravail je ne peux donc pas assurer mes missions aussi vite que classiquement sur site.","Un peu","Jusqu'à l'arrivée d'un vaccin","Une aide de l'entreprise pour installer un vrai bureau + dédommagement coût élec etc + une réelle application du droit à la déconnexion","Nettoyage plus régulier des bureaux et atelier de production + lieu commun"
"2020/06/15 10:33:24 AM UTC+2","4","Cadre ou profession intellectuelle supérieure","Bac+5 (Master, écoles d'ingé, écoles d'arts...)","Féminin","26 - 35 ans","En couple","2","En milieu urbain","En appartement","Transport en commun et voiture","2","4","1","Manque interactions avec les collègues, cadre non professionnel, manque de documentation papier, pas de séparation espace pro/perso","Un peu","Au moins 6 mois","Limiter à 1 ou 2 jours/semaine","Nettoyage plus régulier des sanitaires et locaux"
"2020/06/15 10:36:49 AM UTC+2","2","Employé","Bac+2 (BTS ou autre)","Féminin","26 - 35 ans","En couple","2","En milieu urbain","En appartement","En voiture / moto / scooter","1","6","4","Plus de concentration selon les taches mais manque de certains outils (imprimante, scan..) pour d'autres choses ","Un peu","Au moins 3 mois","Revoir l'organisation de travail dans certains secteur ","Mesure de distanciation et sanitaire déjà mise en place. Masque, gel hydroalcoolique,plexi en rdv client "
"2020/06/15 10:39:23 AM UTC+2","7","Cadre ou profession intellectuelle supérieure","Bac+5 (Master, écoles d'ingé, écoles d'arts...)","Féminin","26 - 35 ans","Célibataire","1","En milieu périurbain","Appartement avec terrasse","En transport en commun","1","6","7","J'ai tendance à moins regarder l'heure et je suis beaucoup plus réactive vu que je ne me suis pas fatiguée à prendre les transports.","Un peu","Jusqu'à l'arrivée d'un vaccin","","Recruter en fonction de l'hygiène. Arrêter la bise entre collègue pour les femmes."
"2020/06/15 10:40:13 AM UTC+2","1","Etudiant, lycéen","Bac (général, pro et technologique)","Masculin","18 - 25 ans","Célibataire","5 ou plus","En milieu rural","En maison avec jardin","En voiture / moto / scooter","1","3","1","","Un peu","Au moins 6 mois","",""
"2020/06/15 10:44:13 AM UTC+2","1","Profession intermédiaire","Bac+5 (Master, écoles d'ingé, écoles d'arts...)","Masculin","26 - 35 ans","En couple","2","En milieu urbain","En appartement","En voiture / moto / scooter","3","6","6","Car je ne suis pas polué par des sollicitations extérieures. Je peux organiser ma journée et mes tâches sans être perturbé ","Un peu","Au moins 6 mois","Un cadre précis pour les teletravailleurs. Une fonctionnement « à la tâche » ","Le maintien des solutions barrières afin de rassurer les collaborateurs "
"2020/06/15 10:49:39 AM UTC+2","1","Profession intermédiaire","Bac+3/4 (Licence, Maîtrise)","Masculin","26 - 35 ans","En couple","2","En milieu périurbain","En maison avec jardin","En voiture / moto / scooter","7","3","4","Nous sommes plus au calme et on étend plus notre plage de travail. Soit tôt le matin, soit le midi, soit le soir. Ou alors deux d'entre-elles, voire les trois. Plus productif mais moins efficient.","Tout le temps","Au moins 3 mois","L'arrêt des réunions inutiles, les délais toujours plus courts, imposer pour tous un temps mort le midi, le soir.","Pas certain que le masque soit vraiment utile mais c'est un avis personnel. Je pense que dans les faits c'est une mesure qui ne sera que peu respecter au fil du temps. L'essentiel est que chacun respecte la distanciation, se lave les mains régulièrement et que le ménage soit fait régulièrement avec possibilité d'avoir des lingettes désinfectantes à disposition. "
"2020/06/15 10:50:38 AM UTC+2","3","Cadre ou profession intellectuelle supérieure","Bac+5 (Master, écoles d'ingé, écoles d'arts...)","Masculin","36 - 50 ans","En couple","4","En milieu périurbain","En maison","En transport en commun","2","5","6","Plus facile de gérer les sollicitations extérieures. Plus facile de dire ""non"". Plus facile de gérer ses propres horaires de travail en fonction de ses objectifs.","Un peu","Au moins 3 mois","Utilisation de la fibre et de la box entièrement remboursée par l'employeur.","Augmenter considérablement la part du télétravail, sans restriction ni justification."
"2020/06/15 10:52:55 AM UTC+2","3","Employé","Bac (général, pro et technologique)","Masculin","36 - 50 ans","En couple","4","En milieu rural","En maison","En voiture / moto / scooter","5","6","6","Meilleure gestion du temps ","Un peu","Au moins 6 mois","Réseau de télécommunications","Achat en local"
"2020/06/15 10:53:54 AM UTC+2","1","Profession intermédiaire","Bac+5 (Master, écoles d'ingé, écoles d'arts...)","Masculin","18 - 25 ans","En couple","2","En milieu périurbain","En appartement","À vélo","1","1","1","Donner des cours d'EPS est compliqué à distance ","Un peu","Au moins 6 mois","","Des agents d'entretien supplémentaires et des sanitaires propres pour les élèves "
"2020/06/15 10:55:16 AM UTC+2","3","Cadre ou profession intellectuelle supérieure","CAP/BEP (autres diplômes techniques)","Féminin","36 - 50 ans","Célibataire","3","En milieu urbain","En appartement","En voiture / moto / scooter","1","7","5","Moins de sujet qui nous disperse moins tenté de discuter entre collegue","Un peu","Au moins 6 mois","La fibre dans tous les foyers","Le lavage de main systématique a l entree"
"2020/06/15 11:12:12 AM UTC+2","4","Cadre ou profession intellectuelle supérieure","Bac+5 (Master, écoles d'ingé, écoles d'arts...)","Féminin","18 - 25 ans","En couple","2","En milieu périurbain","En maison","En transport en commun","4","7","7","Pas dérangé, plus concentré","Un peu","Au moins 6 mois","achat de mobilier à déquat","plus de télétravail, gel hydroalcolique à l'entrée, agrandissement des salles de pause"
"2020/06/15 11:19:33 AM UTC+2","4","Cadre ou profession intellectuelle supérieure","Bac+5 (Master, écoles d'ingé, écoles d'arts...)","Masculin","26 - 35 ans","En couple","2","En milieu rural","En maison avec jardin","En voiture / moto / scooter","2","7","6","Liberté dans les horaires. Bureau individuel","Un peu","Au moins 6 mois","Fibre optique sur tout le territoire. Plus de confiance chez l'employeur","des alternances de présence dans les bureaux. Beaucoup plus de souplesse dans la gestion du télétravail"
"2020/06/15 11:20:08 AM UTC+2","1","Cadre ou profession intellectuelle supérieure","Bac+5 (Master, écoles d'ingé, écoles d'arts...)","Masculin","26 - 35 ans","En couple","2","En milieu urbain","En appartement","En voiture / moto / scooter","1","7","7","Pas de sollicitation externe, moins de bruit, plus de libertés","Un peu","Jusqu'à l'arrivée d'un vaccin","","Ne pas retourner au travail"
"2020/06/15 11:22:58 AM UTC+2","4","Profession intermédiaire","Bac+5 (Master, écoles d'ingé, écoles d'arts...)","Masculin","26 - 35 ans","En couple","3","En milieu urbain","En appartement","À vélo","2","3","1","Mon métier ne s’y prête pas","Un peu","Au moins 6 mois","",""
"2020/06/15 11:26:43 AM UTC+2","2","Cadre ou profession intellectuelle supérieure","Bac+3/4 (Licence, Maîtrise)","Masculin","26 - 35 ans","Célibataire","1","En milieu urbain","En appartement","En voiture / moto / scooter","4","4","2","Plus de distractions (réseaux sociaux etc)","Un peu","Au moins 6 mois","",""
"2020/06/15 11:29:57 AM UTC+2","1","Employé","Bac+2 (BTS ou autre)","Féminin","36 - 50 ans","En couple","4","En milieu rural","En maison avec jardin","En voiture / moto / scooter","1","1","1","Ambulancière impossible le télétravail","Un peu","Jusqu'à l'arrivée d'un vaccin","",""
"2020/06/15 11:30:23 AM UTC+2","1","Cadre ou profession intellectuelle supérieure","Bac+5 (Master, écoles d'ingé, écoles d'arts...)","Masculin","36 - 50 ans","En couple","4","En milieu rural","En maison avec jardin","En voiture / moto / scooter","6","7","6","Meilleure concentration et peu d’interruption par des sollicitions de collègue.","Un peu","Jusqu'à l'arrivée d'un vaccin","Le réseau internet, les outils pour fluidifier les échanges.",""
"2020/06/15 11:39:17 AM UTC+2","1","Employé","Bac+2 (BTS ou autre)","Féminin","18 - 25 ans","Célibataire","1","En milieu rural","En maison avec jardin","En voiture / moto / scooter","1","7","4","","Un peu","Au moins 6 mois","",""
"2020/06/15 11:41:10 AM UTC+2","4","Cadre ou profession intellectuelle supérieure","Bac+5 (Master, écoles d'ingé, écoles d'arts...)","Masculin","18 - 25 ans","Célibataire","1","En milieu urbain","En maison avec jardin","À vélo","1","2","2","","Un peu","Au moins 3 mois","De bonne condition de travail et un suivi plus précis",""
"2020/06/15 11:42:59 AM UTC+2","5","Employé","Bac+5 (Master, écoles d'ingé, écoles d'arts...)","Masculin","36 - 50 ans","Célibataire","1","En milieu urbain","En appartement","À pied","1","6","6","Moins de perturbations. Plus de concentration.","Un peu","Jusqu'à l'arrivée d'un vaccin","Plus de convivialité à distance.","Amélioration des mesures d'hygiènes."
"2020/06/15 11:47:35 AM UTC+2","1","Employé","Bac+2 (BTS ou autre)","Masculin","36 - 50 ans","En couple","4","En milieu périurbain","En maison","En voiture / moto / scooter","1","5","6","Moins déranger, horaire plus souple","Un peu","Au moins 6 mois","","Imposer les gestes barrières sur toute l'année"
"2020/06/15 11:50:31 AM UTC+2","1","Cadre ou profession intellectuelle supérieure","Bac+3/4 (Licence, Maîtrise)","Féminin","36 - 50 ans","En couple","2","En milieu périurbain","En maison avec jardin","En transport en commun","1","4","4","","Un peu","Au moins 1 an","Maintenir un lien social avec son entreprise","Respecter toutes les normes d'hygiène 
Maintenir la distance physique"
"2020/06/15 11:50:58 AM UTC+2","3","Etudiant, lycéen","Bac+2 (BTS ou autre)","Masculin","26 - 35 ans","Célibataire","1","En milieu urbain","En appartement","Teletravail toute l'année ","3","6","6","Plus d'autonomie et un cadre qui me convient","Un peu","Au moins 3 mois","Un planning personnel ? ",""
"2020/06/15 11:54:10 AM UTC+2","1","Employé","Bac+2 (BTS ou autre)","Masculin","18 - 25 ans","Célibataire","4","En milieu urbain","En appartement","En voiture / moto / scooter","1","1","1","Mon métier ne me permet pas de faire du télétravail (Restauration) ","Un peu","Au moins 3 mois","",""
"2020/06/15 12:06:12 PM UTC+2","4","Cadre ou profession intellectuelle supérieure","Bac+5 (Master, écoles d'ingé, écoles d'arts...)","Féminin","18 - 25 ans","En couple","2","En milieu périurbain","En appartement","En voiture / moto / scooter","1","3","6","","Un peu","Jusqu'à l'arrivée d'un vaccin","",""
"2020/06/15 12:53:26 PM UTC+2","2","Cadre ou profession intellectuelle supérieure","Bac+5 (Master, écoles d'ingé, écoles d'arts...)","Masculin","18 - 25 ans","En couple","2","En milieu urbain","En appartement","À vélo","6","6","6","Plus de concentration sur les tâches à réaliser plutôt que sur la communication avec les personnes de l'équipe.
Exception des réunions, et échanges/débats pouvant demander schéma, présentation et autres","Un peu","Jusqu'à l'arrivée d'un vaccin","Un pc portable de l'entreprise (permettrait également de travailler hors-ligne).
Des outils recommandés ou développés pour la communication.","En l'état, ce qui est fait est très bien."
"2020/06/15 12:53:51 PM UTC+2","1","Cadre ou profession intellectuelle supérieure","Bac+5 (Master, écoles d'ingé, écoles d'arts...)","Masculin","26 - 35 ans","En couple","2","En milieu urbain","En appartement","À pied","1","5","5","Idem que sur lieu de travail","Souvent","Jusqu'à l'arrivée d'un vaccin","Une meilleure connexion internet","Augmentation du nombre de jour de télétravail autorisé"
"2020/06/15 12:58:14 PM UTC+2","1","Profession intermédiaire","Bac+5 (Master, écoles d'ingé, écoles d'arts...)","Féminin","26 - 35 ans","En couple","2","En milieu urbain","En appartement","À vélo","1","1","1","Je suis factrice en distribution","Un peu","Jusqu'à l'arrivée d'un vaccin","",""
"2020/06/15 1:02:09 PM UTC+2","1","Cadre ou profession intellectuelle supérieure","Bac+5 (Master, écoles d'ingé, écoles d'arts...)","Masculin","18 - 25 ans","Célibataire","3","En milieu périurbain","En appartement","En voiture / moto / scooter","1","1","1","","Un peu","Au moins 6 mois","",""
"2020/06/15 1:08:36 PM UTC+2","5","Employé","Bac+5 (Master, écoles d'ingé, écoles d'arts...)","Féminin","18 - 25 ans","Célibataire","1","En milieu urbain","En appartement","En voiture / moto / scooter","2","5","5","Comme je vis seule je ne suis pas dérangée et lorsque je me concentre à fond dans le travail je travaille mieux et plus efficacement ","Un peu","Jusqu'à l'arrivée d'un vaccin","Les contacts avec les collègues et responsables plus réguliers
Une aide matérielle pour installer un bureau par exemple et avoir un vrai espace de travail chez soi (compliqué de travailler sur le canapé par exemple !)",""
"2020/06/15 1:16:22 PM UTC+2","1","Cadre ou profession intellectuelle supérieure","Bac (général, pro et technologique)","Masculin","36 - 50 ans","En couple","4","En milieu périurbain","En maison","En voiture / moto / scooter","6","7","7","Car je travaille depuis plusieurs années en télétravail","Un peu","Au moins 3 mois","aucune idée","aucune idée"
"2020/06/15 1:24:14 PM UTC+2","2","Cadre ou profession intellectuelle supérieure","Bac+5 (Master, écoles d'ingé, écoles d'arts...)","Féminin","36 - 50 ans","En couple","3","En milieu urbain","En appartement","En transport en commun","2","5","5","C’est bien d’alterner les 2","Un peu","Au moins 3 mois","Plus d’interactions entre collègues pendant le télétravail pour être moins isolé ","Lavage de main et salutations sans se toucher"
"2020/06/15 2:09:36 PM UTC+2","3","Employé","Bac+5 (Master, écoles d'ingé, écoles d'arts...)","Masculin","26 - 35 ans","Célibataire","2","En milieu rural","En maison","En voiture / moto / scooter","1","4","3","","Un peu","Jusqu'à l'arrivée d'un vaccin","",""
"2020/06/15 2:37:36 PM UTC+2","3","Cadre ou profession intellectuelle supérieure","Bac+8 etc (Doctorat, post-doc, thèse)","Masculin","26 - 35 ans","En couple","1","En milieu urbain","En appartement","À pied","2","4","3","Manque du rituels “aller au travail”","Un peu","Au moins 3 mois","Rien","Ras"
"2020/06/15 2:37:47 PM UTC+2","2","Demandeur d’emploi","Bac+5 (Master, écoles d'ingé, écoles d'arts...)","Masculin","26 - 35 ans","Célibataire","1","En milieu urbain","En appartement avec balcon","À pied","1","7","7","Moins d'interruptions inutiles, choix de quand traiter ses interruptions (emails et chat privilégiés en télétravail)","Un peu","Au moins 1 an","Avoir une baignoire","Me laisser télétravailler en 100%"
"2020/06/15 5:18:37 PM UTC+2","4","Autres","Sans diplôme","Masculin","18 - 25 ans","Célibataire","3","En milieu rural","En maison avec jardin","À vélo","4","1","5","Plus de concentration moins de moyen de de disperser plus productif","Un peu","Au moins 6 mois","Des réunions de debut de journée des débriefings pour plus d'échange malgré la distance 
","Gestes barrières "
"2020/06/15 7:35:14 PM UTC+2","1","Artisan","CAP/BEP (autres diplômes techniques)","Masculin","26 - 35 ans","En couple","5 ou plus","En milieu rural","En maison avec jardin","En voiture / moto / scooter","2","1","1","Impossible ","Un peu","Au moins 3 mois","",""
"2020/06/15 8:34:41 PM UTC+2","1","Cadre ou profession intellectuelle supérieure","Bac+8 etc (Doctorat, post-doc, thèse)","Féminin","26 - 35 ans","En couple","2","En milieu périurbain","En maison avec jardin","En voiture / moto / scooter","1","7","4","Je pense que le Tele travail est très intéressant pour certaines taches mais les échanges humains en présentiel me semble important pour les échange et l’avancement de certaines tâches. ","Un peu","Au moins 1 an","La fibre ! Et sinon des chaises adaptés et confortables. Et aussi ne pas oublier les pauses ! ","Se laver les mains, faire attention lorsque l’on éternue ou l’on tousse ! "
"2020/06/15 10:50:50 PM UTC+2","1","Cadre ou profession intellectuelle supérieure","Bac+5 (Master, écoles d'ingé, écoles d'arts...)","Masculin","18 - 25 ans","En couple","2","En milieu urbain","En maison avec jardin","En transport en commun","6","6","5","Moins de distractions","Un peu","Jusqu'à l'arrivée d'un vaccin","",""
"2020/06/16 9:20:33 AM UTC+2","1","Cadre ou profession intellectuelle supérieure","Bac+3/4 (Licence, Maîtrise)","Masculin","36 - 50 ans","En couple","3","En milieu rural","En maison avec jardin","En transport en commun","1","5","4","","Un peu","Au moins 3 mois","",""
"2020/06/16 10:57:20 AM UTC+2","5","Chef d’entreprise","Bac+5 (Master, écoles d'ingé, écoles d'arts...)","Masculin","26 - 35 ans","Célibataire","1","En milieu urbain","En appartement","En voiture / moto / scooter","1","4","2","Pas d’accès au produit physique, les décisions d’équipes sont moins rapide et moins bonnes","Un peu","Au moins 3 mois","Que tous les collaborateurs d’une société aient un espace dédié chez eux. ","Masque pour les réunions + gel hydroalcoolique à l’entrée du bâtiment "
"2020/06/16 11:05:44 AM UTC+2","1","Cadre ou profession intellectuelle supérieure","Bac+5 (Master, écoles d'ingé, écoles d'arts...)","Masculin","26 - 35 ans","En couple","3","En milieu urbain","En maison","À vélo","2","2","2","","Un peu","Au moins 6 mois","",""
"2020/06/16 11:08:00 AM UTC+2","1","Cadre ou profession intellectuelle supérieure","Bac+5 (Master, écoles d'ingé, écoles d'arts...)","Masculin","26 - 35 ans","En couple","2","En milieu périurbain","En maison avec jardin","En voiture / moto / scooter","1","4","4","Ça a les avantages de ses inconvénients","Un peu","Jusqu'à l'arrivée d'un vaccin","Des journées sur site de temps en temps","Des mesures systémiques à plus grande échelle"
"2020/06/16 11:28:54 AM UTC+2","2","Employé","Bac+5 (Master, écoles d'ingé, écoles d'arts...)","Masculin","36 - 50 ans","En couple","3","En milieu urbain","En appartement","En transport en commun","1","7","4","Nouveau paradigme","Un peu","Au moins 3 mois","L'évolution de la  perception des employeurs.",""
"2020/06/16 11:32:04 AM UTC+2","2","Etudiant, lycéen","Bac (général, pro et technologique)","Masculin","18 - 25 ans","Célibataire","1","En milieu urbain","En appartement","En transport en commun","2","5","4","","Un peu","Jusqu'à l'arrivée d'un vaccin","","Application des gestes barrières"
"2020/06/16 12:27:33 PM UTC+2","1","Employé","Bac (général, pro et technologique)","Masculin","18 - 25 ans","Célibataire","4","En milieu périurbain","En maison avec jardin","En voiture / moto / scooter","1","4","3","Possibilité d'être distrait plus simplement en télétravail ","Un peu","Au moins 3 mois","Assuré un espace de travail adaptés pour éviter tout dérangement, distraction, etc... ","Réduire le nombre de visiteurs aux écuries (je suis travaille dans un centre équestre) "
"2020/06/16 3:40:09 PM UTC+2","1","Agriculteur","Bac+5 (Master, écoles d'ingé, écoles d'arts...)","Masculin","51 - 62 ans","En couple","5 ou plus","En milieu rural","En maison avec jardin","En voiture / moto / scooter","1","1","1","Je ne pratique pas le télétravail étant donné mon métier.","Un peu","Au moins 1 an","Cela ne me concerne pas car la traite ne se fait pas en télétravail.","Je ne suis pas concerné "
"2020/06/16 7:35:52 PM UTC+2","1","Agriculteur","Bac+2 (BTS ou autre)","Féminin","36 - 50 ans","En couple","3","En milieu rural","En maison","En voiture / moto / scooter","1","4","1","Pas de télétravail possible en élevage ","Un peu","Jusqu'à l'arrivée d'un vaccin","","Respect des gestes barrières "
"2020/06/16 7:40:32 PM UTC+2","1","Chef d’entreprise","Bac+2 (BTS ou autre)","Masculin","36 - 50 ans","En couple","3","En milieu rural","En maison avec jardin","En voiture / moto / scooter","1","1","1","Mon activité ne ma pas permis de faire du télétravail","Un peu","Jusqu'à l'arrivée d'un vaccin","","Respect des geste barrières "
"2020/06/16 9:11:35 PM UTC+2","7","Demandeur d’emploi","CAP/BEP (autres diplômes techniques)","Féminin","51 - 62 ans","Célibataire","1","En milieu rural","En maison","En voiture / moto / scooter","1","5","1","","Jamais","0 c'est inutile","",""
"2020/06/17 4:24:38 PM UTC+2","1","Etudiant, lycéen","Bac+2 (BTS ou autre)","Masculin","18 - 25 ans","Célibataire","1","En milieu urbain","En appartement","En voiture / moto / scooter","1","4","5","","Un peu","Jusqu'à l'arrivée d'un vaccin","",""
"2020/06/17 4:41:27 PM UTC+2","1","Etudiant, lycéen","Bac+5 (Master, écoles d'ingé, écoles d'arts...)","Féminin","18 - 25 ans","Célibataire","1","En milieu urbain","En appartement","En transport en commun","1","7","4","","Un peu","Au moins 3 mois","",""
"2020/06/17 6:33:31 PM UTC+2","2","Commerçant","Bac (général, pro et technologique)","Masculin","18 - 25 ans","Célibataire","2","En milieu rural","En maison avec jardin","En voiture / moto / scooter","1","3","1","Je ne peux pas démarcher les clients aussi facilement qu'en porte à porte.","Un peu","Au moins 1 an","Les connexions internets et outils de travails.",""
"2020/06/18 3:30:50 PM UTC+2","7","Demandeur d’emploi","Brevet des collèges","Féminin","36 - 50 ans","En couple","2","En milieu urbain","En appartement","En transport en commun","7","7","7","La sécurité d'être à la maison ","Un peu","Jusqu'à l'arrivée d'un vaccin","","La sécurité "
"2020/06/20 7:08:52 PM UTC+2","2","Employé","Brevet des collèges","Masculin","62 ans et plus","En couple","2","En milieu rural","En maison avec jardin","En voiture / moto / scooter","3","5","4","Oui et non ","Un peu","Jusqu'à l'arrivée d'un vaccin","",""